period,stock_thousand_barrels,source_record_sha256
1993-01-01,301973,6a0afe0180c5a227343f8cd5987863b4519d2361f6e15f0bd072b4f2891be2b0
1993-01-08,299341,552a23872876594ed8acc033478bd2e51e971ee25201bee2506dca85f8a356b6
1993-01-15,307272,baf469ee4b9fb4038ea58aaba52d572efc0c8409c063978ae8a4c6110df33ef3
1993-01-22,306106,0185b74d86a7814861f7e4406a8a6a8da3f457896f6977d774a57a15a5fd6316
1993-01-29,308108,829fbce6bcd78dbc0ad59151b8cee6cb8f8c652cc405d3b16795c736947cc195
1993-02-05,311717,51a88bc83564060393312fe99914b8362218926b6afb997ac92b90eb193036d4
1993-02-12,318408,db86573a5823ab61dbc560c46a201268e97e9951dd38551859fecf55502da5ea
1993-02-19,308086,39178868c8cbd6375cbaafb81d50c3f4d40e672c3637d4d9dd32101b712df25e
1993-02-26,315969,ad7c3b7caffc44e2d30c0447df0a8c819cf8088d1b077755661ce5c73de6ffc8
1993-03-05,321897,48ba7995bdc24383b7fd388eca9de87506b0aa9ccb4fc886a071c0d54811530b
1993-03-12,327504,ab6174a10dac0cd9483d81b694c0e74f2208f5b2c57dc01b6ea44c86460181b1
1993-03-19,314322,48ec6d3bc997b6316133e2cda512db2ae82b62457190b4902e2584d76746023b
1993-03-26,322220,51ad90ae6ac7e62cdebfdf96ecaf9d969db1e9118418a6b80e15fe1cf3386f4e
1993-04-02,322889,41330759b1b08ba92b18e6650762461e05d17a902c0145ca19d73ac0f5bf11ac
1993-04-09,334413,cdcf6528ea8e14f4275ad0a060673deacb0d5f2ce4b362055da77f211fbc6633
1993-04-16,325153,6619fea7a8812bac66e9c8b63a00fae159753a853ee485f9f8d47a97dd833645
1993-04-23,326248,df93b7773a53c49f717d9ce8ce2d44aa26939d2f1ee5b79a9c6562b09ccabce4
1993-04-30,328945,e3b9f786c960e45ebef61e817012ef353a3d9c14ff6201f376174d1465a34acf
1993-05-07,329635,af31a2802532d1b71c81f995d9f1a6644e851c98344d9f5b422ce97104f22293
1993-05-14,335087,6bd18399fc67c6d04251528af176465a2eddb1ed851dd3c126e30d0bce17e09a
1993-05-21,338201,a5fc6e4989c02ccffefede3420a498b996fe72892207a0c50c28a2ffdd6fd446
1993-05-28,334383,bd7226bbf6202af2ae84d1b88030731fde800fa94cabcddcc43e95a5b332ca2b
1993-06-04,332686,a2024d3dcc3c9198bea52b810fc4288a340a2abfeb385cbd54394514dd1710bd
1993-06-11,324772,ea07444dcfcae56b87502d6ad1ac6566462f9ca7ea3e236ee1b3a8fe00e11237
1993-06-18,334025,7ca25b93554afdfe4256df46a362550566695e5be6dfd2adea3cfc856b497e06
1993-06-25,340315,fdae49e77a92891585e2a6a4aacb8edd5be8efeff78f6bad027b770adcb3bb4d
1993-07-02,331995,052dbeff88f428ff94a37551900d638c6fafead75721346f284f957af98c2cbb
1993-07-09,335417,7565ba4d81cd045259a4de3aeae17b91a51f5383abe470b909225f9c93a262a0
1993-07-16,343583,7ed5bbc79cbba8024f6d30ab0498f618b1304b7913ffe9b5cfeb54cf4d42275c
1993-07-23,338056,d0e01f8e9c067a88a7f07299666e9248db51c063640927f128a5e10e73375d08
1993-07-30,333639,520af1425eaabbd051290fc96bfa70c994804685d801bf4cc61b0721966457de
1993-08-06,334659,bbcc846614f51311dc8c6e03ac7eb55e4ec24a8af0eeef36e7ff6560e0655007
1993-08-13,330153,780dedc2b66498c4ab4ef1cea29c2b0bca600e4800927870e580e4d9b802129f
1993-08-20,325426,5ede20d2112f380df00e2c7739f3cbbe97987c63354ad5d652c2b36cb9d98f99
1993-08-27,326782,df721495e0bd38cc5d0c4c0bcd15776e2f600a0ed66823d42f3b7f70ccd35320
1993-09-03,320499,6289b4d1e33a7ff5f13d6fe10b4e8b6f1629d32fed31c5215028e5ae3afec862
1993-09-10,321821,21e44ce81713ad9d5af7e9b78b4cd902894a424641650acbaa00419cf6012f15
1993-09-17,321610,d11518e9f30261c8c623860f3b02d0fc64dc29a42faa86944e68d376118ebf1f
1993-09-24,312084,53c003350c9b96f3e20ec8165dd44fbf89346c3b6e882fa4294afc341f9c5fc8
1993-10-01,309991,cef49640d07428ca11c1fc94a83f94bfc0cbbe064766e57ce360bd0f7335c23b
1993-10-08,314249,0f1c570f18d233d6f7787835699c015652ff06f9cad6bdc463dd898c75b699a7
1993-10-15,309375,e7acd1d6dd8f4b7379398c4b9e436dcafccded92c0b2f5390ccda6497778200c
1993-10-22,316800,8cf73b3a668c0ca9203bf01ac3c0686494262a328c03ba6216cb0f17d8233694
1993-10-29,318584,05f7c79b2d19ba52fa482e984e48bc4e6782fc05315ad4e0fbe4ee106c3b9606
1993-11-05,315239,56d305b21e4b8e1cf188b853f153d98824cddc35cf462d96e541cacc07992bcf
1993-11-12,320250,d5ec8bcf993707d5b9c3a7894ab67ee2c530ae39fab69adbeed59e69f4bae64e
1993-11-19,314738,e596886e624c3b09f8cfa9de7964b25f0f0d25045aca2179c3649106f0e8b8f9
1993-11-26,316131,83c88be9f948c92d7fb21306302387f2e01cc171e973b575714b706aec04774e
1993-12-03,321509,852f73826af184202ecabffcc4c161f12aa7bedfb3e3072f50b0bee5f82149bb
1993-12-10,327837,4348b4baf4c6be6b561bed5f6aff7fef9bf2a4df054477749098989663e16c21
1993-12-17,330247,248d762bad6c189a5d51ef27bddd0b9ed58f925bba13cc656d15410a3701a202
1993-12-24,330079,6a7fa7c9c766423f645611eb1a02a8b2ab113436b8c5f8e54cf9c8ff1d55bbcf
1993-12-31,323542,86509a59c23c317db45823d517ff441517495cd83328056eb61f03362c1d8e72
