period,deposit_facility_rate_percent,obs_status,obs_conf,obs_pre_break,source_record_sha256
2018-01-01,-0.4,A,F,,ba6cc0243d89a9a69b0cb6e8289d7cb40fb3f785c7ad9874d84306ac28d667a2
2018-01-02,-0.4,A,F,,8b96fc9c1947b1e73e867ef6ecfef894dfcda0c311c838b42d8242b87b54d365
2018-01-03,-0.4,A,F,,81e2afe4f62dab169a9d4e7f83a83bc039c9c4ce80f3603d59e926fb9506521a
2018-01-04,-0.4,A,F,,def1fac18b78dbf404a85bf0f64708aa29d8d76d4d0280fdb0078fafe722e223
2018-01-05,-0.4,A,F,,83ee955c471b1ae2e7f0549423c36c8d55880a3fedd952d1d1fd8cb3ad5c5e7a
2018-01-06,-0.4,A,F,,7eab85e7ce20fd9740e3e0160bbc0a8310b654835a5871b0c98c5a362e597dec
2018-01-07,-0.4,A,F,,826b326a8de01ba69e30cd2b23858b5debcef6402a6d7e33b66c5187419315ac
2018-01-08,-0.4,A,F,,daa9693994054f6737ad7c29d9f6578229ac9c0cc1f4b80c0831baea3fce505e
2018-01-09,-0.4,A,F,,b544673d4fc478a2879784cfcbaed553cde81655b56b7459d6031359e5d351ed
2018-01-10,-0.4,A,F,,ff2f8c284720f6b5f7bc88546e4efa902a627210d06521746d73b0a1f793aab4
2018-01-11,-0.4,A,F,,ee4ed110b514e8898c77ea389fa620dd463ca0438a090adb3ee2d5a3799d46e9
2018-01-12,-0.4,A,F,,e2e32d8acc38237f997e3a22d6572a9f19805e1ddbd32b3c2e260a6896488ba2
2018-01-13,-0.4,A,F,,4889a97f8dd33028ce1530dace04eebf2362984898788ffa3b1508f93e20f90d
2018-01-14,-0.4,A,F,,186d18fe8e572d47d3858b92a814449f5f28a6df958541e2eef6ccb9ec20eae8
2018-01-15,-0.4,A,F,,4df2bf54f16da25862b0259c5a2f2e3faad720b5e7ab44f14214bf48a1573450
2018-01-16,-0.4,A,F,,adfa8cd41f0565f3624452293920b419cd255d31b6b87a1539ef9ad1763fe54f
2018-01-17,-0.4,A,F,,70e2ce8843e79584925aabe6aec09a12705229a40da97598099cf381318af718
2018-01-18,-0.4,A,F,,e029595eca3fb628088afcc015b7e6cc4ff9e37e1f364cdf7a44fd3b0503a5e5
2018-01-19,-0.4,A,F,,9cfcf32247f4bf98c12df09486a9c20c64d68e1537153732ccb22f54aad55053
2018-01-20,-0.4,A,F,,85c8b857f0b4aaa0a686e6e8c3f0b12460424ed1f95defc41939ec1197c51624
2018-01-21,-0.4,A,F,,9d104e890c3792810dafeaf65ccea0c5672733761db1975dd442ef1f0660d64f
2018-01-22,-0.4,A,F,,006b235acbb12dd1a88726650c02670e9f9690f5a76f1e72695891b80aea75b2
2018-01-23,-0.4,A,F,,e4e80fc48a36b56164b4da1945ddb13a952a8161746858f447623552a6812f96
2018-01-24,-0.4,A,F,,44f173513924861d11961d410edc48d8e99c769d1dbae9dbec9e9dd6ddc4761b
2018-01-25,-0.4,A,F,,ecb5bc68f4d0fb6349562d1f91d70953e4d7092d1f9e89a3b5dde1cc40a0a555
2018-01-26,-0.4,A,F,,aed3d5c1ab4dfc3f73b4ae59b2708dfc01036e6e7225b2dc029f803c1d21edb7
2018-01-27,-0.4,A,F,,a50d12f429bb03b27f2b0218538ee619c3eb4afac51a0c9bcfc68055797b9f9c
2018-01-28,-0.4,A,F,,5312bdb007ca34d47fdd1a07b62728022b9a88b8976f18715260bbab33c863c0
2018-01-29,-0.4,A,F,,5e4cbb1047d2485645ac9dcb0de6ba35554cb4eb915efeb47179292d67ee54ec
2018-01-30,-0.4,A,F,,93328da5907d2fcaef5cd288e8191e336a5ff71cad58fc4217f0bcd428a1978a
2018-01-31,-0.4,A,F,,5db1c44099c07259d8f23bde6e5171c97973e102f6bf6d3c75ab07b761662e01
2018-02-01,-0.4,A,F,,909e002996e016c08ad2c5129a011c7c7d24c005cfe6a5fa45bd304a493e6e51
2018-02-02,-0.4,A,F,,0f01a53fce4765b0cd1c0f7735b2b5b8e5d79547db75553b139958e9f87da6f6
2018-02-03,-0.4,A,F,,156201e57f786f6e2abba0db889bf38f6723b777dfca05a84df87bde4a0e255a
2018-02-04,-0.4,A,F,,1e29fec15fc307b1791ec8f0a12599a9fcda0ba5c0139c82fa4abbb51636025e
2018-02-05,-0.4,A,F,,d8dc03981c5dc85da70a99bfe1f0b84334e847d39aab172c1dd03d0f56917ba5
2018-02-06,-0.4,A,F,,a8f126fe8fd207c918cd951d8f2badf43894816719be50951b0faedf0595d075
2018-02-07,-0.4,A,F,,f2b01cebf26fce4ec284795d2e03264175817887a4c3982fe9bf52f604f3da68
2018-02-08,-0.4,A,F,,573ddc67b8be1dd54138309125f00537f25d7417f69baacc616eed4948cac381
2018-02-09,-0.4,A,F,,fef2cbf9442efab2d8cd950fa4b53ac012b6982a9324345ee2d765a9f738c55b
2018-02-10,-0.4,A,F,,1e2d736506c5b348720aaa1332e478bf0284bdfb378ce7db1f0f1d339b2402aa
2018-02-11,-0.4,A,F,,e7d4781628d12406f18350a72004b772a30897b28545252496f0dcff47667b68
2018-02-12,-0.4,A,F,,0d4e5b7cd075f3a8d901881690e900ed45711766032e919f3015ea268cba75f5
2018-02-13,-0.4,A,F,,c4955797330ace9d09639424e90083963be86afabf217034f0443cd7d355b45d
2018-02-14,-0.4,A,F,,8f47221d1657378c2635b9ec49474d2f3f6fe58f5fd4262081118cf5d3532499
2018-02-15,-0.4,A,F,,bc15d8f0ea29859fa18d701a6a0675f53d5d0579f1f30d8c97ccb03f8c853901
2018-02-16,-0.4,A,F,,2e426d9631509ce01bcd87e582c84143002163b33946a8c5963a6052f8ae6d0d
2018-02-17,-0.4,A,F,,70a716c794b61516d8d354692033b67c300b665ffec8f2c4b70a21977eb587e7
2018-02-18,-0.4,A,F,,394ab64a284e85f92df44d3231cc9824ef6034bcb3330d957c6ec334d44c51ec
2018-02-19,-0.4,A,F,,1310a9cb766d3e10a08625ce8c9c23448953e267ef575cb57e496c8cdfa3cfe8
2018-02-20,-0.4,A,F,,d8e5ffd73f5f5448909309a9a3c96ed35f3b3c15c4c5b84e3530e8c6956e0644
2018-02-21,-0.4,A,F,,4746ca922e2dcef17a385433b7af274ca86a5359ce1190c97a9e76763a619f25
2018-02-22,-0.4,A,F,,c04f44ccc7d932f685b3a0a278f1501dbbef9e54a734a086d17483d856642667
2018-02-23,-0.4,A,F,,8d6a1c173939ea5a75202e59b6ef96e2c2ddabc83a114ffbe739273f092340ad
2018-02-24,-0.4,A,F,,a0636254ce81e3a9bcd76cefa8078105944e734fa636019c427a8cf1934b908b
2018-02-25,-0.4,A,F,,72929b808151f190ca5a55668e2066d110a5293ee86df8f8ddad3e391dd73f57
2018-02-26,-0.4,A,F,,a23544618a90677a28256c710dc357fae8146921b4b7d95d329c0a08b1521d53
2018-02-27,-0.4,A,F,,d564b7f802c028e13ef8373e884b2a75ad8e313a100858430333884261e08b7a
2018-02-28,-0.4,A,F,,cbae61e73ea140bfe03ca8e4e343e8b5058a22be62e20e07dded30837eee8b23
2018-03-01,-0.4,A,F,,341ec15588641573d92b7f0b6f96dc63f2a7caa0f0dcf9b25f4ede3a4f1a7463
2018-03-02,-0.4,A,F,,f4c792fa30da5923dac45dbbdd5aab4a35a762571d62955058af2f5b04726cee
2018-03-03,-0.4,A,F,,bedd71a0f56b71a08e47033cd873196cf19594dfe5987a9c91a6fb686b8c83ad
2018-03-04,-0.4,A,F,,c4c607d900dbec9e2db2ec8cafbd16175b09c6b7148d275ee4da2afa59387159
2018-03-05,-0.4,A,F,,665060229c58f741bed1b73f6b99e662bdd7e7f7687e7522ba1eee809ace16f9
2018-03-06,-0.4,A,F,,dd03a11b55dbcb60205ee9d4fb1b3c8edb308a153a227ce3a1b59b96af5b9c1b
2018-03-07,-0.4,A,F,,c4a1ed8754d9a7f38c870deea6035995209f5aef6cead62f2c77b8e7a549391b
2018-03-08,-0.4,A,F,,c688d4f48d5ec7a4d3a8dbb7ae6d8a5d550c37348ddbec0419f6daa587f76afd
2018-03-09,-0.4,A,F,,9676c08e793c31f38236f9e1ede5110a11dbb266839f4346009bebeccf969d19
2018-03-10,-0.4,A,F,,d4b2547438929582d777f8ab1c403d9b4d75cac6062f76d299028feeed9605d1
2018-03-11,-0.4,A,F,,008340a22202d9c7812ec893af6c8f6baa4715328a69ce3b9ccdd1016a35621e
2018-03-12,-0.4,A,F,,2e02223698274c82103dba58ffd6c646d02e36caf3e157dc3b39d99ee1a5c543
2018-03-13,-0.4,A,F,,9a4556b2d688aa5f52e3746fc4e2e7105d3aecc2e0863b2735d252b6e32b24c6
2018-03-14,-0.4,A,F,,d13ca62cff5716c24df3e657a917f08674cb01f1662ae07aad265b138f5239d2
2018-03-15,-0.4,A,F,,c94f276f32a8f07700b8224e049b1669f77e7172d4a5a04e1744aabb4379b96b
2018-03-16,-0.4,A,F,,56c037c3f52a5cc56acb853287a72ede70ac0a4ec80375d87d97be601513cb8d
2018-03-17,-0.4,A,F,,a1a003f200025ca80faec723a6d806801c8133352513a40018b482efed09c7af
2018-03-18,-0.4,A,F,,f915500be342f8991c90c63cadb398b1f50bc806899b77a8969ece94dbe82c4a
2018-03-19,-0.4,A,F,,e3e81c9ff7b3e17d5160c3083d713f56720b663e21686cc50d89d48cf4d447e5
2018-03-20,-0.4,A,F,,09bb7a48710e3b4017d1444ed0a7b0370f7fd721e3a9a362a1d24abbe91817e2
2018-03-21,-0.4,A,F,,001c83e931b92cef43bcb5e2cd69b4acd8bc6e3aecf5621436155d0d7d7eb3db
2018-03-22,-0.4,A,F,,e92303d93c64be97034e3605786c7723788c2341fb6cd7d09162ba4fb636c0fb
2018-03-23,-0.4,A,F,,43d67c21c0e776dd593dfd4f01abeabfc9ea1276ccc9730e29bdca9fcfe63ef5
2018-03-24,-0.4,A,F,,555e2c6c3e674117d4ebe6c419556568603650b333d17349d27234e03b44cfbe
2018-03-25,-0.4,A,F,,6d9fa73f86238f0ad1b0786eede2c5dfb08fed2732e25cab6e4ff33f54ad7f64
2018-03-26,-0.4,A,F,,fea60f51d79beb96b8f6689ac6136fc1f4802f83767828f9aa67367b1ae84236
2018-03-27,-0.4,A,F,,e7d75e60f8e8c47b3791fc6fe1a14a32a56c554d568aa9c0f09e20522ba50740
2018-03-28,-0.4,A,F,,4203148bb61ed9cfc61d170042472a631e714125913e7b3d49c244ad591ee10c
2018-03-29,-0.4,A,F,,f408e605666d7a8bb84a403f838c9b82129519bc83950d9e6440dfde34a58aeb
2018-03-30,-0.4,A,F,,91a533c9872cc337877ea7750ca0cdd20f77b45ea58b23ea5be2e2311ea523b7
2018-03-31,-0.4,A,F,,74b001d1373b74e82726d63ef8296ebfcd2717df5d0985496b780a687ff955f0
2018-04-01,-0.4,A,F,,29d39f3bfc4911121cb236a3758912e8c1e21944ed4e8f39d25f63734e83bbef
2018-04-02,-0.4,A,F,,730cdc410a009368af154d017c706652e622289563dd7bb13f2fb896d75f8e0b
2018-04-03,-0.4,A,F,,4a290ab4c70848a489870740b04dcfaad96f46a6d42e5921eec676940eef844c
2018-04-04,-0.4,A,F,,10c44c2806032e5cb6ce6162228974099c4c071b8010dd139d5f2dc173bab1b9
2018-04-05,-0.4,A,F,,c608ebf23926af4178b475136420003d81fc2c696df5444245e18585349fd650
2018-04-06,-0.4,A,F,,fe3934542bc4366b32d67702a6b21ee2f092c8fbe1fe97529ef50a7a698e9dbe
2018-04-07,-0.4,A,F,,5f2a06bddc98e1e07956902c66d9182dafdff9349e41242f8baf0fb5a4ce5e19
2018-04-08,-0.4,A,F,,86ef2f4d32cc6e3673c6ca48e27326ae8dac5660969249ae8de7be9623e0efdb
2018-04-09,-0.4,A,F,,71bbf99762adc28fdef3556fb1ee3bfb89fbcda922b135db9ebdee5fbc46c748
2018-04-10,-0.4,A,F,,cd4f5fd1c9e9b783809b20d0660967d6eee46d28f6e46641dacb6c02951c6eac
2018-04-11,-0.4,A,F,,5c1dd3089cb850ce8ccab7915b983d3fb3af98c82905a88ae6fe2dd258f72d7a
2018-04-12,-0.4,A,F,,7afa11129f5ee6bed9e5167061b8e6f10bc3c42c7ecc64a68006e4a8ae7cf167
2018-04-13,-0.4,A,F,,a231d795cc30bb3b70ab4aa92a73e97e2b617f2cea1718f36d2c593beaabfc33
2018-04-14,-0.4,A,F,,8190276246b171f07732a894fcde17ccae53be4d4e31ddff6c234a08001268e2
2018-04-15,-0.4,A,F,,f3007b906bf980061b471789db95445880449a17fa6f713da371ede90b010aa8
2018-04-16,-0.4,A,F,,100de768978861c9464151b7df9183e8cb9e531ec502bc998bbb76c306f0ce57
2018-04-17,-0.4,A,F,,6c7b15bfab9d1adc47bf5d72b1d2b3c2c529b0317c3a4aa6930adade4768d6b9
2018-04-18,-0.4,A,F,,d42c4439aef666585e6c120dfa128f2652acaf97492cfbe4058f3e39d9bf7e73
2018-04-19,-0.4,A,F,,539b4ea51167ff5e6642394d2c63dbbfcd79777d256afa6aa12280c356d5e96e
2018-04-20,-0.4,A,F,,bb31e657cd0e0070e46c071b9db2ba291d0148c91a8187710bdfafe74740cd7f
2018-04-21,-0.4,A,F,,71ce30b54dc7cfea3b2c552305668ac65ef79c61b5a57c989ae49cc53a00b0f0
2018-04-22,-0.4,A,F,,e84a61528703d92f0b22e45c030d8128292670f8d238ec4b82c043d617eec44f
2018-04-23,-0.4,A,F,,091e8e46d3139e6cec33985f0ad586401145f22253505d39d8e74ede0ca78a7d
2018-04-24,-0.4,A,F,,8b3b7ae056377768c1a9e6f3cffe9eefcff753bffaadcb67e50228dd321ad511
2018-04-25,-0.4,A,F,,14939d0b2e73dced4a832e2a6bb0bd530cd2ee764e40f5228e9698827e2b716d
2018-04-26,-0.4,A,F,,e6b1399ac1e20a5aba98125e320d63985408ca3108e6da2e3f0d06b6f1aa7bd3
2018-04-27,-0.4,A,F,,d5ab0e992eabff400b74bedc487d88529a5e5500b05159735300afcfe13efcea
2018-04-28,-0.4,A,F,,4cf128c718a76830e963f42db56764895c7a1bb26c8097c9ff7ea901c0202ccc
2018-04-29,-0.4,A,F,,618e6c27c067b63ef97d7355157eb0bc9bfd054482c8aa637ca2b568f14db1a3
2018-04-30,-0.4,A,F,,9c8f09577ec8d2ddd7b1b6b0c8579270cd47d12ff1317f29bd144068d18458e3
2018-05-01,-0.4,A,F,,be71da690eb5d155d2cad9ccfa523d808e0de95f5429b21c2c11c60ed9287105
2018-05-02,-0.4,A,F,,e28c982936462f176a61ff60175771a722bb1393f1f6278cf453c11cb17bd6bf
2018-05-03,-0.4,A,F,,97ce742648dd5f78664ad57682d0c33207b6536688b0bde5fc368d148956c1d5
2018-05-04,-0.4,A,F,,00577704e4bc8a568745c43f4ace70990849bf1990c8f3d350062e82a93ee955
2018-05-05,-0.4,A,F,,dfb6778fd8674c2322817857ea278466de56a041fdfec64346331fbb922e91da
2018-05-06,-0.4,A,F,,fcd3472e3f602cd3ffa7b5a4a3864b208665eb91e00bbb31a8631a706e7006c9
2018-05-07,-0.4,A,F,,c9b1bcf13ad2e78dda31bbc79e898c8b085bce036248df7b505bd00874e0e307
2018-05-08,-0.4,A,F,,839278a42859ddd5c5f86f561469b8611d0105c0fb3cb749117f8c23fbfa2797
2018-05-09,-0.4,A,F,,750ac207d264dddb8c7a9ba6b968e6ef1be8176ac4d6713af230d3c82443a1fa
2018-05-10,-0.4,A,F,,8c679eaf55d24e220112b073045e4ef936596b6b3021cb16335b218b2339c794
2018-05-11,-0.4,A,F,,6f52533753a7f899049dffbf53ee070a085d16c7ded2fda44e55b6ee3d923ed0
2018-05-12,-0.4,A,F,,b43caaf08184e962d5358a1b5f3153d6b85a912ab2fbbf6a5e06e14f2ca627d2
2018-05-13,-0.4,A,F,,abf6d79e9c9a3b3b0c274a081c6df460dbc1230c9a6963480ce52bfac28d3e1f
2018-05-14,-0.4,A,F,,3e273e999afc23954315614271580df7f1188b7fec5cf3b7ede26e07d885663e
2018-05-15,-0.4,A,F,,544799d94870b53dd794d9319109ecb27714bbddcf3f9a5f844f805af55b5c03
2018-05-16,-0.4,A,F,,3384f63e605f7afbee23f8d9a7e116014eebdfaad2e1752be40345f4e1448a32
2018-05-17,-0.4,A,F,,ba93da3ac3fca60cd6c96073816dd1a34f555cb916b72cbf4f43c0acac533489
2018-05-18,-0.4,A,F,,e1f9d6e50f6f8d40cfa5846e52953197477cd5cfe6e1a2feb05221d8dfa2c1b1
2018-05-19,-0.4,A,F,,7000f3332d2d5dbed6c672e2ccf9347934ea93deb30cf6b8a93fc45bdd17f0d7
2018-05-20,-0.4,A,F,,788904997cc3e476f6ec1518a9c24ea8c908ad8b5e9c8d7a1fe8275040568e66
2018-05-21,-0.4,A,F,,ce44d37ad348e954d9e4211e242716698f92bde00c20fef9cfd4005eaa4f98b6
2018-05-22,-0.4,A,F,,d47643a715090091e0bd7344fdb703ef22a480fa2a3a4e2e32094161cc2ee887
2018-05-23,-0.4,A,F,,c09f01a71cc92c0440000231c9d1132d2324eee0755b19299833a313f15309d5
2018-05-24,-0.4,A,F,,30feece4abf0e1cc0d497d030434109147b6959a0fedefe3df41c1610a0309e8
2018-05-25,-0.4,A,F,,4d49124c513217de695710495edfb50b711ff9296b54fdcc07381fb01af5d86a
2018-05-26,-0.4,A,F,,7d0a6c0ef315d6efaecc752bdd750038d576a3702e590cad7f7f1715725f7a7c
2018-05-27,-0.4,A,F,,1a2a69a063994c22a43756f65be02eeba5432ae6373a18d66e521450fc8ce465
2018-05-28,-0.4,A,F,,18404c8e3a29126070c4dc5d42854f64e59cbe339ecdf28d6ef9e6e28d0e954c
2018-05-29,-0.4,A,F,,95365cfd09c3d2b4081812c84f29279e2bd342a1d8229439610f90b1ab7f8811
2018-05-30,-0.4,A,F,,1e306e8ce987e773cbec3325ef5ce221fe18b928b2913262e18168d5e9efd70f
2018-05-31,-0.4,A,F,,898fff295ba6bc3b2faefbee30b135966dd20b0f44bb3ed1f0731fb329ff939a
2018-06-01,-0.4,A,F,,9ce04111ed04fe974343d11490ec01bf8ab30eab3355616a6768a81d11fa1f68
2018-06-02,-0.4,A,F,,7048636e4999efbfc282f020ac3c993bf0ae4fcaf1f5c74f6185ea9afdd8c699
2018-06-03,-0.4,A,F,,e18469b78d165d3a1407d116968f81860c7ea84de4076827fd60281d46cd4084
2018-06-04,-0.4,A,F,,fe70fcebb86048306bfdf3a8ffe3590e3fe7eb50e73d3202c31ea358a508756d
2018-06-05,-0.4,A,F,,39bfb4fdad90cf1435b403486b145f969e0e54e8d6e6362bfb5d5c9ddaf37905
2018-06-06,-0.4,A,F,,2be6aa2b4dad475206632873364024c1262d4b73fe8b81c50392ba5d69bf88b5
2018-06-07,-0.4,A,F,,67a70b8f350842ffbb3c93d764fec59c971c51b334e38fba1f88d5a3c05005ef
2018-06-08,-0.4,A,F,,307441200abe42e45a8fd16c482137d6938e2bf268b1a172ccfaf27f0a363604
2018-06-09,-0.4,A,F,,689b58f2b2f60f850386bdc0ad5a42879fffd85fbb98fe63250fbb807e1e0c23
2018-06-10,-0.4,A,F,,5a18616d2dd381bdef49e17043c153b548bc4609ced57f08e541c3990633f9dc
2018-06-11,-0.4,A,F,,c7e751598742611a6a17df207b286c0d694ea1072caf83d49b073e2b95a6f212
2018-06-12,-0.4,A,F,,80908ec84dbfa477501d1c6ee37fa80e56a8f3779a38d0b9851dc84af3b62a56
2018-06-13,-0.4,A,F,,9442c439dc96a548bd6db4b00fb62cf1c816d447bf78a5f4716b35db5dffa569
2018-06-14,-0.4,A,F,,6dd72fb726d0b5a1a78639d6ba23d8870ecf46783619b129127173f53786636a
2018-06-15,-0.4,A,F,,f0fba52356f8d0aa12b669909ed488a94d146eb697074651ff7a6851c91f3f9e
2018-06-16,-0.4,A,F,,876def17d98cc3f52c1b716f619afc0fc11f6498bafde6e47d094062a0103a68
2018-06-17,-0.4,A,F,,16081f806cafc3b39f98f8c1c154a38cab4300b098049f4b0f173380a469cf89
2018-06-18,-0.4,A,F,,2b707089f8ec5e8147636cda401c88612be6efacd291b1d44d823437cc57abbd
2018-06-19,-0.4,A,F,,8776b20328f64f43a6e117bd3815d4ed0f83034e6071bc83b7b8a7c38f39486e
2018-06-20,-0.4,A,F,,4e5341a9984ccfa10568a06d441302207756975b47a0061eb92f4b82ffc8a4dc
2018-06-21,-0.4,A,F,,68cc9d1ddb042e21c950b93873d632c2e595033956e834f594d5bf0224274a5b
2018-06-22,-0.4,A,F,,2f586c99f4877f1b8cfa789b7f2472ef2a24b6ef55ba2a50d304375be4d429a6
2018-06-23,-0.4,A,F,,43ed43e2c1765fff18d6f13ad7985f2f5432fc011daefacddceec2c09f3793cb
2018-06-24,-0.4,A,F,,da99c2fb7f02e659176301fdbb6d43e3b48530b995256671074beeabe64558ed
2018-06-25,-0.4,A,F,,2f420cefd1d239a593679cd1302adaf7e5842282b3a1fc1d1d907112af6f1da4
2018-06-26,-0.4,A,F,,733f584858e0a9edf67fa22128dc3eaeb9c20e002f41fc3498c3a8a5b7089aee
2018-06-27,-0.4,A,F,,37a0a52c312aaf08a23b9e687188c6163fd2c602fbef85292a5f09c4fcec8feb
2018-06-28,-0.4,A,F,,0693f98c3fb16437cddcb55e03db07d14d6737df7fe744161c662fdb86bfb01e
2018-06-29,-0.4,A,F,,52dc5e18e9e487dd3a191c4cbf2d1bf73b50138232de6d337f7774d76cffc809
2018-06-30,-0.4,A,F,,68deb1ea13042350680711f4153f06dee860df8b6be24ffbdbbd6a8cc6ce40b0
2018-07-01,-0.4,A,F,,53987dd54830b352ae549f1aa1b0739ae1ed5bde4e9e5d243171435f967429f6
2018-07-02,-0.4,A,F,,fd4ed47efa05281782a222435d01d058bb785010dfa5b868f589c16a30b6038a
2018-07-03,-0.4,A,F,,eff3503768508cde93792d5917e2efbb43abc7a5064aeaa956642c7b14514306
2018-07-04,-0.4,A,F,,24d27dece272f179d77f7594ac5874614e47920420b78eef5b7aef87180a7e6b
2018-07-05,-0.4,A,F,,3c89956d79ba3f02fc5464b73e3691e11d7a51dee65a42ff2befcbb2d22910df
2018-07-06,-0.4,A,F,,5bb8890ad3a65a34d51866ed7caaf740eca3baa2e0f168eea6599350a546f2bb
2018-07-07,-0.4,A,F,,d16a1292f8b228bad4484c02f38efcdc5757bc5779d30babbcbb3c2dddda8be0
2018-07-08,-0.4,A,F,,f23743571f85c866bc711c2751995ada39ac7b50027077bfc1458b8ce936dc48
2018-07-09,-0.4,A,F,,f8259c8ba14dcb7f0fb841846a48e138c5158c62e79dcbcae8700cd8a8b843d0
2018-07-10,-0.4,A,F,,87e0a39665063fbc479db561ae22b766051b0fb2e7981ffa629dff0beb98e7df
2018-07-11,-0.4,A,F,,7c64da4418af3b5fd31892350257f307725aba0357357284063feb54fd9d7cef
2018-07-12,-0.4,A,F,,3e0d5a1f5af93b8ff1f11220952cb02c4059ce84da4ee97dcb74264426149e4d
2018-07-13,-0.4,A,F,,e706b640d11f96c766dd3c3023aac191f81af6d5b42688474407d825c9c1c9c0
2018-07-14,-0.4,A,F,,363eaf432e5e10f7efab0d7e416382cc0fb47314e1ef88e88666bdb849e1f7d7
2018-07-15,-0.4,A,F,,76d48014d1d6990152745670f51f90e08c634550a5a88e61fe815635d3a64544
2018-07-16,-0.4,A,F,,77d0d67a1af2ad8fc0ec4f75298643356988ccd9bb4818aede53601e636e888c
2018-07-17,-0.4,A,F,,25f7bb8d152952a124b6c437d11e61a289cb3f0bbc267091b68246bfbe5c5fee
2018-07-18,-0.4,A,F,,2cfa1bc241e93b18bfcd0a1d4cbe2a477578459da76f3940b4f3144c3ede0015
2018-07-19,-0.4,A,F,,2e5f188f4a311b1e849fd38908e5e7d64ae4e216f3b168e9c4c351f148ac3491
2018-07-20,-0.4,A,F,,24c54d2cb7cad27c5e88f0f64c4be6b76487cf5a574ef9e2b6117fe3c7238802
2018-07-21,-0.4,A,F,,a51b86e7a2ff30c76715fa9f7cc6259c090f1c8874a580a50089bc757c59eae2
2018-07-22,-0.4,A,F,,f6d0284cc8c5a041e0b5621fe772a4e045b5c14e977040b663ff0469c9a718e8
2018-07-23,-0.4,A,F,,ccbd71539d5405a3faa484db95fb404c8732e2b78193f082bb88f863d02c83fb
2018-07-24,-0.4,A,F,,2620badb98436f9984fc31110dca0ddb2ab1520c4507a6295f47bab5fb79ba78
2018-07-25,-0.4,A,F,,946fe4bed639b2f2a0797cdc35525da95c8135f803c1f8f2f82da5acefbac580
2018-07-26,-0.4,A,F,,45f0773b82d562a412bb464dea66a9c6f233f4621fc1b7807d911b4f9f75ff38
2018-07-27,-0.4,A,F,,c6eb2b97d077bc719b0650e8a528927284678e8614e1ed2c033d901aee8472e9
2018-07-28,-0.4,A,F,,af972668eaaaa717019482bf299a1e1604fbbcbd1bf0079a1b0cb5c7f0a100b2
2018-07-29,-0.4,A,F,,fca58e55c1af61b856b8c9895b1beebbde29050fa2a01fd38667b183c10756fa
2018-07-30,-0.4,A,F,,b697df6c8c1ddbc32a000cfac1d04a29160c2203aae00c65a774582d3f29f3a5
2018-07-31,-0.4,A,F,,4ec96b7a079e8b2043809ee9b24ed3b279d81242ec0167bbff54514a48416863
2018-08-01,-0.4,A,F,,002f06b6226042cf6255c71719d7d8a03584527543e3d0089d227ae6bf3742b6
2018-08-02,-0.4,A,F,,fbcc1ff0a1fcecd1c88089e680d5cece3416d605f9dd93e1010e671dd1b65211
2018-08-03,-0.4,A,F,,364aa87e63a7946b90097f05152a7010782eed00611ab68c06a01811b0ffb76e
2018-08-04,-0.4,A,F,,a9a061fbaa20810a71f4a9218a5959ef6ffef62cb7855dbc2a4895c3d3fc065e
2018-08-05,-0.4,A,F,,9393c22e83707dd6f740b96da5f53c5148ad7b040dfcf8cf625e05eb7bf7ce66
2018-08-06,-0.4,A,F,,5fcbbd696de1f87491ce92b740ef24f230706c22d7a79d41f84847ca38d45a9c
2018-08-07,-0.4,A,F,,fce346f2b411e8721665550c633914960a505e9b348d662418561d26d7d19994
2018-08-08,-0.4,A,F,,119f696f27e24fd06f3a2060dc8d88cd986042cfb2a1c622cfedaf4ff93c9d95
2018-08-09,-0.4,A,F,,deabb25b71cb05dd53a7b7f814c518a4b4a5e0cb4c5b2a733fb2bf24b64a2990
2018-08-10,-0.4,A,F,,18bb27c5af081c645458d83929df5035e5fb29de3d6e73c904701f70ac7e620f
2018-08-11,-0.4,A,F,,17d29ac2690d319858e8b563d6f9d3741f7d7c2546a1a9447b2260c836ccbfd1
2018-08-12,-0.4,A,F,,d3451deeeacb8173184e9c15a74b98e71cc4ae7d41f542669b88e84052e76c2b
2018-08-13,-0.4,A,F,,57e05eb73fcf507b3ead9d70e682a605332fde7c3f04ee61527cade611a5a924
2018-08-14,-0.4,A,F,,e9e6c9c4884bd239d2fe7206957109891fcd9232db273d85d37708d275735d30
2018-08-15,-0.4,A,F,,7c624bd06e9a82e655247db95b694cee98cd67f59aa3a0a93835b1dd02b50ae0
2018-08-16,-0.4,A,F,,1bdd3c96a3a9ab1b14e9a30a3641657ba3118bd9aaa99093ae1312102fab0b19
2018-08-17,-0.4,A,F,,21195028e6cb4ffa9de4d9cac9f86ac5f1641640ba53b59d0e1155bc5c1000b9
2018-08-18,-0.4,A,F,,c70a33c73e52e90d41da40fb053911a6294573b69309b028a225fd02e0102ac6
2018-08-19,-0.4,A,F,,1e8d5c5c8bbe129a931e0749168064f0f0ff753f788a2edf57c9fd70869053b4
2018-08-20,-0.4,A,F,,b7fac9e0875776dd9013b40ab14b56602990658c9df0f9f01f76c76fb989ccc9
2018-08-21,-0.4,A,F,,0f5815d5e22aba1ebefad85662bfabfbcb672048159e8e91a05de1bb6741f017
2018-08-22,-0.4,A,F,,e31254f91a2d4627b5e4f99c43ec0ae4026a3808e476baa18278effc477bcadb
2018-08-23,-0.4,A,F,,b9b75c8ae75b64a87578a1db02051c0476454239abeb6bbbb64b7452e07ce56c
2018-08-24,-0.4,A,F,,417d01fb993436a9af3b2ee136b29f5035e5b87f2bd401318926c065ef3d851c
2018-08-25,-0.4,A,F,,0d79af8b6bf3af79f0f0952498f73072b5354f3f5c81d3cdc5f0cf3774375654
2018-08-26,-0.4,A,F,,0ceb1f285faba87183ea6177cb9f2734ff00fb9f6a80f1e6721af1b5ebdc9e1c
2018-08-27,-0.4,A,F,,9bf2dd8e03e625b2773c2fe0cd7ac7ef9ae24194de2b3efe62bff0161788190e
2018-08-28,-0.4,A,F,,ed98567ac143751d8461932189fd50656511aaf9b7f2d0a6b32b6a470a31d500
2018-08-29,-0.4,A,F,,6b339731ff9d4fdc2ea161659414533058ae8a0ac131cdf653f9bfaf5093b9ff
2018-08-30,-0.4,A,F,,ac6cd6b81e921c24476cec0a3d7a5c047685b8e873ba034b19e4664a145452c1
2018-08-31,-0.4,A,F,,0b1ebe85fa8c076d85f6c1070eec19d2220d8bab3c2d28d7d9de012150bfc213
2018-09-01,-0.4,A,F,,fef30bd4dbafee0c4b63ba913e92416a64c1d56c35e613dc7c543f698f9abef7
2018-09-02,-0.4,A,F,,a04fac256b33369db30b91abb255935d62953094a8700c6ba0516164dc77e8ea
2018-09-03,-0.4,A,F,,26179efe8a8ced3f06151ae07f827433552a17e546a850c9e1f51105acf79ccc
2018-09-04,-0.4,A,F,,9f33d869d07116aadfdbfdde723d2abf63610e985dc6134f2dbdf9630840a07f
2018-09-05,-0.4,A,F,,ce26a063639a3b3b1f131f3c2e09278408c799afa53ac7edbb93b56c753af299
2018-09-06,-0.4,A,F,,1f622314ca9b1465a4e877dff411c66224c4fdecfc38f3575b3fe9aeb80abb95
2018-09-07,-0.4,A,F,,654138597761e85a9763d4c0eb946044b5896726007a628ca7078a703a3e387d
2018-09-08,-0.4,A,F,,4a0076f57e90a5e7b5df5093f9d175a94136e0f4d00750efef2ef425702acdf4
2018-09-09,-0.4,A,F,,bf45311d1e847e0db752a1605afa0ab0ad838ed5da0ad09359abfc4b1c866100
2018-09-10,-0.4,A,F,,e15666f66460bfa4b99bff2d98260a4ceb7efb32eb5192b038d64c371a829134
2018-09-11,-0.4,A,F,,fa0a9d6ba972a6beb5f0dfdad68de7e869a1e398bb3ea93356323ea14fd81a07
2018-09-12,-0.4,A,F,,600d0ce23bb1e24a2c653ea857497cd38b24b17489af491eebbf8dbfcb845bc0
2018-09-13,-0.4,A,F,,7ac04c183a02a4e561ad940e4b1d4e0b3683b45bd78537b5b05a89c9759fd7fd
2018-09-14,-0.4,A,F,,a4f00e477835557f29e619031eb156f95e4f549f029bd3610770622b3ad3f19c
2018-09-15,-0.4,A,F,,c13758a85f4d313129d397bb6d6646a933faf1c98d3fc078206f2cf1762d3f45
2018-09-16,-0.4,A,F,,dfd5bec1edc9d79e7c14b27cbde13fe48873844bf8513fbf03a345d37ec5efe4
2018-09-17,-0.4,A,F,,58560155cec3ff15da9581681b5afb82ecfaafec5de4919324e4be250b95b7af
2018-09-18,-0.4,A,F,,aa4de4e256bf7504814994f136b38e01542285c947da7db17c3560634f696b44
2018-09-19,-0.4,A,F,,67bd7a4a1aa8dbf9193a959445dd19e2b2f6e253725bfb2cf49a48729aafa183
2018-09-20,-0.4,A,F,,2a27dd710cfd519ee6e62210de87cc7a8ddffc7342cbc7569f26137029046dd1
2018-09-21,-0.4,A,F,,da4386fbbbb7dd486ca181459d15dc428ba3d19d1308403d8826df99348ffecb
2018-09-22,-0.4,A,F,,5179b6403198df8da4e3448660905227651e58521effc1fdbeb6889c4c1494ba
2018-09-23,-0.4,A,F,,d911e4310cacdc45885cc79e6c27a59a2201d9ca342cb535b4bb40e8786191c1
2018-09-24,-0.4,A,F,,4b1ed492ac2d46eaf89265d87e7805f50613cea7367103c0927316a11d901a38
2018-09-25,-0.4,A,F,,f662c5ad614dfc8ab31959d6008b951ac15b386a74d32346e3bd010034e67952
2018-09-26,-0.4,A,F,,1f6545e093fb8dfd9635536eb79ce05409720f28728ef3c6d91bf5971efe8f33
2018-09-27,-0.4,A,F,,6ff1d0323710542c9cac58c3093e45d8af52117ca5f5e4d661f8cf1d120c203f
2018-09-28,-0.4,A,F,,13b43ccf717cf30fa7242230c998222e3754edb3222a15130e7b006f7844cc87
2018-09-29,-0.4,A,F,,9bd48e58e9b1a0a9c70b31e56d002340e66b361ce639555ddda7c2653020b81d
2018-09-30,-0.4,A,F,,2bed5ac30c0975dc4bc4b12953e98ff3b070c7f914793d9384fd6b12bc7e9797
2018-10-01,-0.4,A,F,,1513d9d54b31a00c3a989bc9ac943d9e41c7cb3f6b3133899ec55660a213ea95
2018-10-02,-0.4,A,F,,eaafb7bad3aab3021a8414408971988a6dbbc578ea42d87015cdef91c48cedac
2018-10-03,-0.4,A,F,,28188bd7eb8a078358a7eb1cbe1debeb8f03607bdee590fd09092793639eb4fa
2018-10-04,-0.4,A,F,,fc21eb1044df45c7756e67ec0b6164ec62686e9978fda9fc343651a4db01e967
2018-10-05,-0.4,A,F,,31bbddfbbced6158bfff20151e9fe05633bd1641a5d7cd5977b5f6f34db1a84c
2018-10-06,-0.4,A,F,,2144b28416c15b1af70d5b2058e65ca44166d1412f5bbaad4dc33ab36f65a947
2018-10-07,-0.4,A,F,,c0d35d9cc0836cee1d547b55bfad7b6a16fe09ea343f463f4da4cda9bdc9296e
2018-10-08,-0.4,A,F,,97559504abe2816f6f7a2df574377726e115fba98c14125c7e5a84d70d4138dc
2018-10-09,-0.4,A,F,,98a251deda8acd971c4e852fc9c048e842b2ef629414a3304ae35fa387f893c4
2018-10-10,-0.4,A,F,,b63fce133b199fbd12a74352706092c2ddff112137d48b84449a7c5f2d371dd2
2018-10-11,-0.4,A,F,,99505aca1d62a752f214de7a255f05522dd6c456a5894ac72d94025d65606337
2018-10-12,-0.4,A,F,,32348eddb5783a3a6871fbaeb18ef6fe99d10664cc6da739a8d9c9b1d65072c5
2018-10-13,-0.4,A,F,,4bab4cae9db69edc7a6d8638ff572b612848713ce33891b16ed740d00989530e
2018-10-14,-0.4,A,F,,7ae317f711d75a14ac0b1a76583abe2503f9a55ba738191f317ab189eea95364
2018-10-15,-0.4,A,F,,0bd79bf24ea7d10dd115c9264dddd1acdb9631611b0711bfc5b0a3d11a93c9ed
2018-10-16,-0.4,A,F,,db564872ebc28db994a452f0f04ac591f0acebcfd1ed015c887989b11d6855db
2018-10-17,-0.4,A,F,,f8c1ec989da50b0902babf68d357d7a6cb897cbb25a397dc642466a84f8580ce
2018-10-18,-0.4,A,F,,d2b220c64484dadbb2d83e161649050bbd1fb46fb2b56bd629131515469ed9a1
2018-10-19,-0.4,A,F,,8d66f8b03166791386a7db5edc04128f012ef2780f89879852793a0884167059
2018-10-20,-0.4,A,F,,db606c6227dd869fab6c3a439b894e04ebc869cf1b213d34066fe90c70cff3e1
2018-10-21,-0.4,A,F,,395543bf749218c0202289366933c720cc2133a94079d1be78336c4fb845502a
2018-10-22,-0.4,A,F,,2a0bebfda488464418132d9f9d8031f5cceca474fd051fc0981abbc30210662f
2018-10-23,-0.4,A,F,,acff84cc1bdd66c1da99153dee138440677c29eeaa7fa3b335029d3be59c345b
2018-10-24,-0.4,A,F,,d5f726b568b491575cdf5add637245adb50b5b7bcbde278874fdf95945ebcf54
2018-10-25,-0.4,A,F,,6fc8fe49d5ef9fa6f487a282e5e93a49dc1f74e499d4d096a5526a30fb4ede95
2018-10-26,-0.4,A,F,,a5cd802e7f6fc32cf02974cc43d96c43d293336b000fabf5c448a8c736cfb37b
2018-10-27,-0.4,A,F,,e7b4fede9e35cdb44fe39f2cd6cdf5756ab19e07be7d613025ab0e495e6f9067
2018-10-28,-0.4,A,F,,7a3f484518da52f0f77e700851af9b755de9cdcd2f824478cbc4d14e76347e1f
2018-10-29,-0.4,A,F,,9c0775b4cdc97064a4f388f28b7517d883ae9fc7541ef6fd4915bde466a50dae
2018-10-30,-0.4,A,F,,1a2d87639bdbcd914dcf4447ffe487bd597a6414a05beea7fee8ff56559be1a8
2018-10-31,-0.4,A,F,,397aafb8a4772a3106fb724af1e72aced31efcf19bfc6aee39a682e3586d3b4a
2018-11-01,-0.4,A,F,,5be0194330b3886db4e150a10fe833a015cf57c4db25c52d582bac777575cf50
2018-11-02,-0.4,A,F,,bccaa9be757f917ae090ca3b6da4e4000e1861a40b7415d5d36865e1c5ce5a15
2018-11-03,-0.4,A,F,,a2b8535b25518453436d4b62bd2606b7cb50820e52be1d06fe8aa6ceedcd1b2b
2018-11-04,-0.4,A,F,,05eacd02e7115f6e451cef9395a198ed08a84ca76e93a19c5d6c5f06b9ad5d4b
2018-11-05,-0.4,A,F,,5e9e1c4a954843f002f90dd743e03e90234f688a1874fa4c0b42a475736d2e59
2018-11-06,-0.4,A,F,,e1633dc66a43f9f91ba895ccc923b9f90292f4a3e3361a8f6be7f76c318905f2
2018-11-07,-0.4,A,F,,5de47a806bc8e4e25704f7c9c4923cf63e64f3fe05111dba239269969381e048
2018-11-08,-0.4,A,F,,e6169f33140a088c984dd8a52c6a8d15a22cec4379ddec786614e44cbb444725
2018-11-09,-0.4,A,F,,5a8d3b64ba2b5c0e98895c7c862b2a4b7b26717c5c4e7141ee214f6d0ca0b392
2018-11-10,-0.4,A,F,,13e9b05247aa117d7207d3404b84eac3e1d60ccb53371adfb617536e12c8c360
2018-11-11,-0.4,A,F,,96f2c298d02f645fc00ee56fbc00d3599f1854d119f6ee0ecf48f292a1fc4f67
2018-11-12,-0.4,A,F,,3d7a69829050b6e9250534385b5ed2e51b1d9e2d37e3044a01180af6a9647ac2
2018-11-13,-0.4,A,F,,35688123ec705ce43f0185e9bcf919dadc06a34b7509794c85e39c1fd84be540
2018-11-14,-0.4,A,F,,1c83988c69a71d34bdb039d84033beace3d8a4dad064b51dd4e39cea30598b5f
2018-11-15,-0.4,A,F,,16e1b92c0658ed19456a1565160641fc14d528f83802674f9c5938a4f7625900
2018-11-16,-0.4,A,F,,176b60c1f7bf1cd2eb172f4e9316b1ec9ed5cab4885c6117dcb6607bc0e254cd
2018-11-17,-0.4,A,F,,d53067ddced51918423ceb0c271480c62504ad3b22f7f3b32ecba50e6d6f3c69
2018-11-18,-0.4,A,F,,abae914dcfb6ca8d3d69f7f798716af3eefa6b21b9e9688cc4d2ba68e1a4998e
2018-11-19,-0.4,A,F,,41b4b5e3c9fa6bf56b45ce80984d142c880a2f1b5082b8b980876691decdfc6e
2018-11-20,-0.4,A,F,,33209249a017cf4339fcc82c1e569dd6e3a4e858f1876dffe3044c594227e118
2018-11-21,-0.4,A,F,,f50842e46ae25bfc863253ca5a079cf311e99ed4028aa808a3d0ff594928aacc
2018-11-22,-0.4,A,F,,32a135eaa8e2523078937600498c74e2e2403d06b270fa2ff04ff6be60729b81
2018-11-23,-0.4,A,F,,6dc9427fe8bcf1a3f8ac74ec0c690b523829dfa07669a731451fb15c89bb0280
2018-11-24,-0.4,A,F,,710919849f4c311d67e234a88dbcfd9e21ea8e1f0a95deeb62b09442488a63ec
2018-11-25,-0.4,A,F,,50027194ab98e97c7cab6b02b7315ff95a10536b14d086566f224060f9665229
2018-11-26,-0.4,A,F,,55f250343e39c1a18d145d6c2d0bd46a6cb75a5b32b0f12fdb1be92c03f94ffc
2018-11-27,-0.4,A,F,,29e16f64c95a043bcb1d0600b885aca4534afcdb2a2827b74933fb6965d82eff
2018-11-28,-0.4,A,F,,e76e864c41f80b8b589d47090f04adf6a6e09a33d830a3ad3499420d8f8c7d2c
2018-11-29,-0.4,A,F,,406ee01b4655f4598f831dc52552ef2c025e8e16e407cba0c1ddb5c887a5f4b4
2018-11-30,-0.4,A,F,,1b1943df1128646685a94ca585f1e233db9ac517b852adced2aae4a753b7dbed
2018-12-01,-0.4,A,F,,c52fda3a5fd269b2e4737cb136888b298871a7cf58b5c53287570ba92275f43c
2018-12-02,-0.4,A,F,,6a3ea2fbacec8f305d37062e3ba39bc63acd7fec2998bde8d2e7809d4c420a20
2018-12-03,-0.4,A,F,,7f962f07a1473d6601413c5ccbd957e9bbe311f7e07eaa5a739285e21a8ae0c3
2018-12-04,-0.4,A,F,,d64efea29e4cee4885c8b95f9c9cce2568fe403f2f9b651d3691da708c2ba951
2018-12-05,-0.4,A,F,,d8fce5fc42aac5d4ecb4d3deb93ee60e8c49759b4a2878cab9b41218e3f634a3
2018-12-06,-0.4,A,F,,e83ab28ff1f0c6e433a8e62891c56c7a899be68b5bd09f4e0504c23012965c92
2018-12-07,-0.4,A,F,,86913c3265b4b67c82b0598ef3251a330c8842064f5a56302598edde9143bcdd
2018-12-08,-0.4,A,F,,4a5255ece1851df9827e0f9e5b0c14d326dbf431084992a8262a825a0d88f86b
2018-12-09,-0.4,A,F,,00d04bea134f8ef4eb82a6770ece150f21612dc16b392432ad5a0c126798f7dd
2018-12-10,-0.4,A,F,,07bb5643ae0ab418ff5b8921e6197669f9399c1328289d51a179da26ad6d2e9c
2018-12-11,-0.4,A,F,,514b6691e1251e85756c6764e867360a752c820603239a0076c0191cd0729e7f
2018-12-12,-0.4,A,F,,b2504c6774de79ed1f865b6f0bafb8620c233ce25eec91e0c81cd90cdb9103ec
2018-12-13,-0.4,A,F,,403bdbe60c88fd51581db4870551d03783fce179b5b805b482cab2583c57bc76
2018-12-14,-0.4,A,F,,5fe521d944548dddfc777a26b9dd30c07bfa3b397130ddffec8ec7138b0126a0
2018-12-15,-0.4,A,F,,11f3a476a06b1bdb7d98be7c0d6522cc6ba6c9794ced4a383709b2d0b4dcbde2
2018-12-16,-0.4,A,F,,0e72c8395741a7f05ba40698d7aa97ecb0d5adf2a5b4e7fb63f3b8008668d366
2018-12-17,-0.4,A,F,,d0e23583064030182c468bb134707f9de3a83771be51b63edac81d183f7f60c9
2018-12-18,-0.4,A,F,,92b9660addc68d2a58ca2b04f44739608943783d2a2a3872760b295d22627d24
2018-12-19,-0.4,A,F,,b9db39e6c5f9fbbf8fff24321b386f3b47cb0d9ab1abe1c9e855dfba7f743c90
2018-12-20,-0.4,A,F,,f4d905c952fba7e95f2e48e0dee17ed1eff1dde88aa067c1ff34a30ff29c83c2
2018-12-21,-0.4,A,F,,d0ed1f84f47f93a7dd0c64ebcc59694d411bf05e474c34839da50f3a29c22f05
2018-12-22,-0.4,A,F,,7e2b33db29dff2508a7ccd404f994c3158e39715f1b36ab3a8e0839d1d84ad1d
2018-12-23,-0.4,A,F,,d502509de327f46fd4daa1a740bc331bfaa60784c5e3a61e1afdf52c11b7fe8c
2018-12-24,-0.4,A,F,,71f6d119380386c1b28faaad89b404f588ea240a67cf88116ca1bbc916d7369b
2018-12-25,-0.4,A,F,,d44f87519c51acd32b691d8d169c576822534ba7d868b612172bc0d895b3407f
2018-12-26,-0.4,A,F,,06afdd818ed54081f55dce1abb3d1dedf983ca4d0d6bbebf025025491b6709bc
2018-12-27,-0.4,A,F,,c4ced7a1902d7274631446379849ed99a5998cde228f85c30b9d7df960242fed
2018-12-28,-0.4,A,F,,c297a0965c422cf3a7f88205216a1789f5e33f99889590a65135b07bbc247375
2018-12-29,-0.4,A,F,,01593b74957e9e5364c9104270e9c0e6701078c54807ef4946431a353a3ff84f
2018-12-30,-0.4,A,F,,5be0c317cc50b37dc9e499f714a34493b3092563fb03f370a349e954ba9f6097
2018-12-31,-0.4,A,F,,c4862f088d4c62c0f789f270a32883669492f7564e8edfacf16fa165cffefc78
